관리번호,대피소 명칭,대피소 상세주소,면적,수용가능최대인원,수용가능인원,행정동 코드,행정동 명칭,비고,구
47359,화촌 경로당,화곡본동 105-382,,59,0,11500590,화곡본동,,강서구
47360,화곡초등학교,화곡동 24-266,,1100,0,11500590,화곡본동,,강서구
47361,신길6동 주민센터,신길동 3741-11,,318,0,11560680,신길6동,,영등포구
47362,구로2동 주민센터,구로2동 704-12,,0,0,11530530,구로2동,,구로구
47363,현장민원실,노량진동 10-23,,25,0,11590510,노량진1동,,동작구
47364,서울당곡초등학교,보라매동 693-2,,330,0,11620525,보라매동,,관악구
47365,덕원중학교,내발산동 산 59-2,,450,0,11500611,발산1동,,강서구
47366,서울개봉초등학교,개봉3동 266,,0,0,11530760,개봉3동,,구로구
47367,남명초등학교,신정3동 653-5(남명길 1),,190,0,11470640,신정3동,,양천구
47368,영등포본동 주민센터,영등포동 592-70,,50,0,11560515,영등포본동,,영등포구
47369,신길교회,신길동 95-136,,500,0,11560630,신길1동,,영등포구
47370,광성중고등학교,신수로8길 20(신수동),,242,0,11440630,신수동,,마포구
47371,여의도순복음교회,여의도동 11,,636,0,11560540,여의동,,영등포구
47372,사당청소년문화의집,사당동 산24-17,,250,0,11590640,사당3동,,동작구
47373,남가좌1동 분회경로당,남가좌동 104-11,,53,0,11410690,남가좌1동,,서대문구
47374,원당 경로당,내발산동 650,,29,0,11500615,우장산동,,강서구
47375,고척2동 주민센터,고척동 339-2,,0,0,11530730,고척2동,,구로구
47376,신길4동 주민센터,신길동 209-102,,150,0,11560660,신길4동,,영등포구
47377,대림초등학교,대방동 391-62,,450,0,11590660,대방동,,동작구
47378,숭의여자고등학교,대방동20-114,,500,0,11590660,대방동,,동작구
47379,논현2문화복지회관,논현2동 114-24 (학동로 북32길17),,1500,0,11680531,논현2동,,강남구
47380,신월초등학교,화곡동 1080,,1000,0,11500540,화곡1동,,강서구
47381,서강동주민센터 강당,독막로 175(창전동),,90,0,11410585,신촌동,,서대문구
47382,강남교회,노량진동 222-73,,40,0,11590510,노량진1동,,동작구
47383,숭례초등학교,종암동 22,,253,0,11290705,종암동,,성북구
47384,평강교회,번동 412-18 (한천로995),,337,0,11440565,공덕동,,마포구
47385,숭인초등학교,월곡1동 222-4,,1000,0,11290715,월곡1동,,성북구
47386,배문중고교,청파1가 259-3,,1060,0,11170555,청파동,,용산구
47387,서울소의초등학교,마포대로24길 42 (아현동),,229,0,11440565,공덕동,,마포구
47388,한남초등학교,한남동 726-1,,2350,0,11170685,한남동,,용산구
47389,제기동 주민센터,제기동 287-33,,0,0,11230545,제기동,,동대문구
47390,도성초등학교,역삼2동 714 (역삼로 313),,1786,0,11680650,역삼2동,,강남구
47391,청운초등학교,청운동 123번지 (자하문호 105),,1721,0,11110515,청운효자동,,종로구
47392,창신제일교회,창신동 635-2 (창신 7길 7),,40,0,11110680,창신2동,,종로구
47393,동빙고할머니경로당,동빙고동 65,,70,0,11170690,서빙고동,,용산구
47394,창덕초등학교,정릉3동 847,,200,0,11290640,정릉3동,,성북구
47395,창천초등학교,백범로1길 56(노고산동),,1560,0,11440600,대흥동,,마포구
47396,숭인제1동주민센터,숭인1동 55-2 (지봉로 86),,233,0,11110700,숭인1동,,종로구
47397,신답교회,답십리동 58-26,,0,0,11230610,답십리2동,,동대문구
47398,도곡2문화센터,도곡2동 459 (남부순환로 남25길34-9),,350,0,11680656,도곡2동,,강남구
47399,대신초등학교,대현동 67-1,,65,0,11410585,신촌동,,서대문구
47400,당산2동 주민센터,당산동6가 305-4,,15,0,11560560,당산2동,,영등포구
47401,영등포고등학교,대방동 13-2,,1000,0,11590660,대방동,,동작구
47402,영도중학교,목4동 735(고목4길 3),,956,0,11470540,목4동,,양천구
47403,일심 경로당,화곡8동 878-3,,28,0,11500593,화곡8동,,강서구
47404,고척초등학교,,,0,0,11530720,고척1동,,구로구
47405,양동중학교,목3동 600-6(한두3길 57),,443,0,11470530,목3동,,양천구
47406,신길3동구립경로동,신길동 290-8,,50,0,11560650,신길3동,,영등포구
47407,한민교회,성내2동 218-17,,0,0,11470570,신월2동,,양천구
47408,곰달래경로당,신월1동 221-22(남부순환로63길16-4),,39,0,11470560,신월1동,,양천구
47409,신월중학교,신월5동 17-6(배움길 31),,330,0,11470600,신월5동,,양천구
47410,우장초등학교,화곡동 18-5,,650,0,11500615,우장산동,,강서구
47411,계남초등학교,신정7동 325-7(느티나무길 54),,220,0,11470680,신정7동,,양천구
47412,예촌 경로당,화곡1동 425-9,,114,0,11500540,화곡1동,,강서구
47413,가산중학교,독산동 300-21 (시흥대로 115길 48),,5507,0,11545610,독산1동,,금천구
47414,당산천주교회,당산동3가 79,,1181,0,11560550,당산1동,,영등포구
47415,구립대림1경로당,대림동 899-2,,50,0,11560700,대림1동,,영등포구
47416,서울공업고등학교,대방동 390-5,,1000,0,11590660,대방동,,동작구
47417,강월초등학교,신월7동 987-3(신월로 300),,230,0,11470611,신월7동,,양천구
47418,신목고등학교,신정6동 330-3(안양천길 536),,316,0,11470670,신정6동,,양천구
47419,신곡 경로당,화곡4동 466-9,,157,0,11500570,화곡4동,,강서구
47420,영동초등학교,당산동 121-22,,1133,0,11560560,당산2동,,영등포구
47421,도림동 주민센터,도림동 도영로7길 10,,40,0,11560585,도림동,,영등포구
47422,양원초등학교,신월3동 40-1(화곡로435-6),,1492,0,11470580,신월3동,,양천구
47423,화친 경로당,화곡4동 792-9,,29,0,11500570,화곡4동,,강서구
47424,가곡초등학교,내발산동 153-7,,500,0,11500611,발산1동,,강서구
47425,덕산중학교,신사1동 265-4,,1620,0,11380631,신사1동,,은평구
47426,목동중학교,신정2동 88-1(목동동로 142),,396,0,11470630,신정2동,,양천구
47427,구립양평1동경로당,양평동1가 205,,10,0,11560610,양평1동,,영등포구
47428,가산초등학교,독산1동 143-23 (남부순환로 1304-11),,1486,0,11545610,독산1동,,금천구
47429,신정사회복지관,신정4동 904-4(신정중앙길 31),,220,0,11470650,신정4동,,양천구
47430,신구로초등학교,구로동 105,,0,0,11530560,구로5동,,구로구
47431,상지초등학교(체육관),월드컵로 42길(상암동),,300,0,11440740,상암동,,마포구
47432,새샘교회,홍제동 20-4,,100,0,11410655,홍제2동,,서대문구
47433,한강중앙교회,포은로2가길 66(합정동),,130,0,11440680,합정동,,마포구
47434,서울성산초등학교,양화로3길 94(합정동),,200,0,11440680,합정동,,마포구
47435,상도1동경로당,상도동 159-282,,20,0,11590530,상도1동,,동작구
47436,상도초등학교,상도동 238-2,,1300,0,11590560,상도4동,,동작구
47437,학동초등학교,논현2동 264-7 (선릉로 서37길42),,2103,0,11680531,논현2동,,강남구
47438,성산1동주민센터,성산로4길 15(성산동),,122,0,11440720,성산1동,,마포구
47439,본동초교,노량진동 133,,739,0,11590510,노량진1동,,동작구
47440,방배2동 주민센터,방배2동 462-13,,0,0,11650610,방배2동,,서초구
47441,종합행정타운,이태원 34-87,,6720,0,11170650,이태원1동,,용산구
47442,마포삼성@경로당,도화길 28(도화동),,30,0,11440585,도화동,,마포구
47443,서울삼성초등학교,대학동 233-1,,464,0,11620735,대학동,,관악구
47444,금화초등학교,천연동 13,,165,0,11410520,천연동,,서대문구
47445,경문고등학교,사당동 산4-2,,2000,0,11590630,사당2동,,동작구
47446,대신고등학교,행촌동 171 (사직로 9),,1470,0,11110580,교남동,,종로구
47447,혜화초등학교,혜화동 13-1 (혜화로 32),,450,0,11110650,혜화동,,종로구
47448,서울 서래 초등학교,방배로 260,,0,0,11650590,방배본동,,서초구
47449,남정초등학교,원효2가 54-1,,300,0,11170560,원효로1동,,용산구
47450,응암초등학교,응암3동 7-40,,1484,0,11380600,응암3동,,은평구
47451,제일감리교회,흑석동 80-3,,100,0,11590605,흑석동,,동작구
47452,봉천종합사회복지관,관악로 254,,600,0,11620545,청림동,,관악구
47453,연희초등학교,연희동 88-1,,262,0,11410615,연희동,,서대문구
47454,여의도초등학교,여의도동 40-3,,894,0,11560540,여의동,,영등포구
47455,사당1동주민센터,사당동 105-12,,100,0,11590620,사당1동,,동작구
47456,서부성결교회,이촌동 208-1,,40,0,11170640,이촌2동,,용산구
47457,서울 이수 중학교,방배2동 974-22(방배중앙로3길 32),,0,0,11650610,방배2동,,서초구
47458,서울공덕초등학교,만리재옛길 13(공덕동),,295,0,11440555,아현동,,마포구
47459,서교초등학교,와우산로23길 20-27,,1490,0,11440660,서교동,,마포구
47460,국사봉중학교,상도동 214-437,,700,0,11590560,상도4동,,동작구
47461,봉현초등학교,성현로 117,,120,0,11620565,성현동,,관악구
47462,중앙고등학교,,,0,0,11110600,가회동,,종로구
47463,천주교 외방선교회,성북동 1가 20,,800,0,11290525,성북동,,성북구
47464,보인고등학교,오금동 162,,800,0,11710570,오금동,,송파구
47465,광양중학교,자양2동 674,,0,0,11215830,자양2동,,광진구
47466,명일1동 주민센터,강동구 명일동 327-5,,0,0,11740530,명일1동,,강동구
47467,구민회관,돈암2동 606-275,,50,0,11290590,돈암2동,,성북구
47468,우이제일교회,우이동 139-10 (삼양로163길 63),,203,0,11305645,우이동,,강북구
47469,쌍문4동주민센터,쌍문4동 59-7 (시루봉로 62-7),,431,0,11320681,쌍문4동,,도봉구
47470,개포초등학교,개포2동 188 (영동대로 서98길45),,2000,0,11680670,개포2동,,강남구
47471,성동세무서,,,0,0,11200720,송정동,,성동구
47472,수산교회,중화2동 316-30(중앙역로 35-1),,57,0,11260610,중화2동,,중랑구
47473,방이중학교,방이2동 53,,6000,0,11710562,방이2동,,송파구
47474,가락초등학교,,,0,0,11710631,가락1동,,송파구
47475,성수초교,성수2가 277-32(발전1길 31),,248,0,11200690,성수2가3,,성동구
47476,잠신초등학교,,,0,0,11710670,잠실2동,,송파구
47477,태화기독교종합 사회복지관,수서동 741 (광평로 185),,1300,0,11680720,일원본동,,강남구
47478,잠실중학교,신천동 7-1,,1300,0,11710710,잠실6동,,송파구
47479,동안교회,이문동 346-99,,0,0,11740650,성내2동,,강동구
47480,서울사대부속여중,동숭동 199 (대학로 64),,1237,0,11110640,이화동,,종로구
47481,대광고등학교,신설동 53-3,,0,0,11230536,용신동,,동대문구
47482,정릉초등학교,정릉4동 798,,2390,0,11290650,정릉4동,,성북구
47483,마천초등학교,마천동 183-4,,3380,0,11710540,마천1동,,송파구
47484,학마을다사랑센터,방학3동446-5 (시루봉로 128),,1279,0,11320710,방학3동,,도봉구
47485,압구정초등학교,압구정동 461 (압구정로 북26길29),,4242,0,11680545,압구정동,,강남구
47486,보성중고등학교,방이동 89-22,,4300,0,11710566,오륜동,,송파구
47487,길동초등학교,길동 362,,0,0,11740685,길동,,강동구
47488,동명초교,마장동 556(동명초등길 55),,300,0,11200540,마장동,,성동구
47489,안암초등학교,안암동 2가 93,,1000,0,11290600,안암동,,성북구
47490,장위1동 주민센터,장위1동 255-100,,60,0,11290760,장위1동,,성북구
47491,서울가인초등학교,창5동 224-20 (도봉로 136다길 4),,3136,0,11320515,창5동,,도봉구
47492,남현교회,개봉동 170-1,,0,0,11710600,석촌동,,송파구
47493,거여초등학교,오금동 108,,1200,0,11710570,오금동,,송파구
47494,잠실여자고등학교,송파2동 179,,1500,0,11710590,송파2동,,송파구
47495,명일초등학교,암사1동 418-18,,0,0,11740570,암사1동,,강동구
47496,천주교살레시오회,신길동 4491,,1363,0,11560670,신길5동,,영등포구
47497,세곡초등학교,고척2동 253-129,,0,0,11530730,고척2동,,구로구
47498,고덕2동 주민센터,고덕동 226-4,,0,0,11740560,고덕2동,,강동구
47499,영원중학교,영등포동 576-6,,1035,0,11560515,영등포본동,,영등포구
47500,신우초등학교,삼성동 315,,1000,0,11620745,삼성동,,관악구
47501,도봉중학교,도봉2동 622 (마들로 671),,3218,0,11320522,도봉2동,,도봉구
47502,선곡초등학교,월계1동 446(노원구 선곡길 1),,980,0,11350560,월계1동,,노원구
47503,우정 경로당,방화3동 839,,27,0,11500641,방화3동,,강서구
47504,수궁동 주민센터,수궁동 213-42,,0,0,11530790,수궁동,,구로구
47505,연세중앙교회,궁동 189-1,,0,0,11530790,수궁동,,구로구
47506,개웅초등학교,,,0,0,11530760,개봉3동,,구로구
47507,성결교회,문래동4가 27-15,,276,0,11560605,문래동,,영등포구
47508,한천초등학교,월계3동 3-7(노원구 마들길 45),,2290,0,11350580,월계3동,,노원구
47509,오류남초등학교,,,0,0,11530780,오류2동,,구로구
47510,고일초등학교,상일동 125,,0,0,11740520,상일동,,강동구
47511,영일초등학교,가리봉동 17,,0,0,11530595,가리봉동,,구로구
47512,대림감리교회,신길동 4794,,1250,0,11560680,신길6동,,영등포구
47513,고덕초등학교,고덕2동 158,,0,0,11740560,고덕2동,,강동구
47514,가리봉동 주민센터,디지털로26길 5 에이스하이엔드타워 108호,,0,0,11530540,구로3동,,구로구
47515,대길초등학교,신길동 4482,,160,0,11560680,신길6동,,영등포구
47516,중현초등학교,하계2동 272-2(노원구 섬밭길 181),,1000,0,11350612,하계2동,,노원구
47517,신남초등학교,신월6동 590-1(절골8길 33),,680,0,11470610,신월6동,,양천구
47518,강현중학교,상도동 335-5,,300,0,11590550,상도3동,,동작구
47519,중계초등학교,중계4동 449-2(노원구 아름6길 19),,1227,0,11350624,중계4동,,노원구
47520,서울남교회,,,0,0,11530530,구로2동,,구로구
47521,구립모랫말 경로당,도림동 205-23,,50,0,11560585,도림동,,영등포구
47522,창일중학교,창1동 369 (노해로 66길 60),,2981,0,11320511,창1동,,도봉구
47687,월정초등학교,화곡동 374,,1740,0,11500540,화곡1동,,강서구
47688,하마터 경로당,화곡2동 883-3,,46,0,11500550,화곡2동,,강서구
47689,내발산초등학교,내발산동 707,,750,0,11500615,우장산동,,강서구
47690,삼오경로당,남가좌동 5-93,,27,0,11410700,남가좌2동,,서대문구
47691,신목초등학교,신정2동281-2(꿈나무2길 15-5),,350,0,11470630,신정2동,,양천구
47692,구립양화경로당,양평동3가 68,,82,0,11560620,양평2동,,영등포구
47693,강서초등학교,신월4동 441(오목로 332),,900,0,11470590,신월4동,,양천구
47694,구로중학교,구로동 113,,0,0,11530550,구로4동,,구로구
47695,충신교회,북가좌동 324-4,,150,0,11410720,북가좌2동,,서대문구
47696,마리스타교육관,토정로2길 37(합정동),,100,0,11440680,합정동,,마포구
47697,구립대림2동제2경로당,대림동 703-6,,35,0,11560710,대림2동,,영등포구
47698,남성초등학교,사당동 산24,,700,0,11590640,사당3동,,동작구
47699,명지대방목학술정보관,남가좌동 50-3,,1230,0,11410700,남가좌2동,,서대문구
47700,희우경로당,동교로 62-6(합정동),,25,0,11440680,합정동,,마포구
47701,까치산 경로당,화곡1동 359-126,,62,0,11500540,화곡1동,,강서구
47702,구립창신경로당,신길동 89-197,,50,0,11560630,신길1동,,영등포구
47703,등서초등학교,화곡동1130-4,,500,0,11500591,화곡6동,,강서구
47704,안골 경로당,화곡8동 155-1,,37,0,11500593,화곡8동,,강서구
47705,영도교회,도림동 130-22,,300,0,11560585,도림동,,영등포구
47706,대방초등학교,신길동 1444,,215,0,11560690,신길7동,,영등포구
47707,양동초등학교,신정4동 941(양동5길 28),,200,0,11470650,신정4동,,양천구
47708,"서울중동초(정보관,2층 다목적실)",월드컵북로 152,,39,0,11440730,성산2동,,마포구
47709,목일중학교,신정6동 330-2(목나무1길 92),,600,0,11470670,신정6동,,양천구
47710,양화중학교,문래동3가 48,,719,0,11560605,문래동,,영등포구
47711,신사초등학교,신사2동 98-32,,4093,0,11380632,신사2동,,은평구
47712,망원초등학교,방울내로5길 28(망원동),,604,0,11440700,망원2동,,마포구
47713,양평2동 주민센터,양평동4가 172-1,,25,0,11560620,양평2동,,영등포구
47714,노량진초교,노량진동 237,,650,0,11590510,노량진1동,,동작구
47715,은로초등학교,흑석동 245,,1040,0,11590605,흑석동,,동작구
47716,월드비전교회,신림동 1444-18,,40,0,11620695,신림동,,관악구
47717,가원초등학교,,,0,0,11710642,문정2동,,송파구
47718,인왕중학교,홍제동 9-27,,30,0,11410640,홍제3동,,서대문구
47719,서울신방학초등학교,방학3동 310 (시루봉로 173),,2537,0,11320710,방학3동,,도봉구
47720,인창중학교,충정로2가 70,,450,0,11410565,충현동,,서대문구
47721,대치4문화센터,대치4동 928-22 (도곡로 북49길23),,950,0,11680630,대치4동,,강남구
47722,교동초등학교,경운동 2 (삼일대로 446),,1400,0,11110615,종로1.2.3.4가동,,종로구
47723,역삼1동문화센터,역삼1동 829-20 (역삼로 북4길16),,3000,0,11680640,역삼1동,,강남구
47724,북부경로당,이태원 227-1,,30,0,11170660,이태원2동,,용산구
47725,덕성여자대학교,삼양로 144길 33 (시루봉로 419),,2553,0,11320660,쌍문1동,,도봉구
47726,서울 언남초등학교,염곡안1길 25번지,,0,0,11650660,내곡동,,서초구
47727,삼전초등학교,삼전동 63,,1200,0,11710610,삼전동,,송파구
47728,신가초등학교,가락본동 43-1,,1700,0,11710620,가락본동,,송파구
47729,신석초등학교,대흥로 33(신수동),,240,0,11440630,신수동,,마포구
47730,매동초등학교,필운동 32번지 (사직로 9길 19),,1227,0,11110530,사직동,,종로구
47731,한강초등학교,한강3가 65-5,,2070,0,11170625,한강로동,,용산구
47732,전농1동 주민센터,전농동 678-1,,0,0,11230560,전농1동,,동대문구
47733,유현초등학교,수유동 466-52 (인수봉로37길 24),,1864,0,11305610,수유1동,,강북구
47734,서울신화초등학교,창3동 504-33 (우이천로 120),,2067,0,11320513,창3동,,도봉구
47735,한내들어린이집,중화2동 332-48(한내들목 5길20),,60,0,11260610,중화2동,,중랑구
47736,동신초등학교,보문동 3가 228,,100,0,11290610,보문동,,성북구
47737,성실교회교육관,수유동 221-49 (노혜로50),,560,0,11305630,수유3동,,강북구
47738,효문고등학교,쌍문1동 468 (우이천로 432),,949,0,11320660,쌍문1동,,도봉구
47739,송파초등학교,송파1동 114,,2500,0,11710580,송파1동,,송파구
47740,세광교회,이태원 252-15,,20,0,11170660,이태원2동,,용산구
47741,구의중학교,모진동 3-1,,0,0,11215710,화양동,,광진구
47742,서울초당초등학교,방학동 514-2 (해등로 32길 11),,3309,0,11320710,방학3동,,도봉구
47743,웰빙스포츠센터,번동 318,,2069,0,11305600,번2동,,강북구
47744,방학중학교,방학2동 313 (시루봉로 188),,2985,0,11320700,방학2동,,도봉구
47745,무악동주민센터,무악동 60-2 (통일로14길 36),,363,0,11110570,무악동,,종로구
47746,재동초등학교,가회동 210 (북촌로 4길 7),,245,0,11110600,가회동,,종로구
47747,무학여고,행당동 322-1(응봉로 40),,372,0,11200570,행당2동,,성동구
47523,치현 경로당,방화3동 823-1,,96,0,11500641,방화3동,,강서구
47524,영서중학교,구로동 145-20,,0,0,11530540,구로3동,,구로구
47525,영신초등학교,신길동 121,,1364,0,11560630,신길1동,,영등포구
47526,신영초등학교,대림동 781,,818,0,11560720,대림3동,,영등포구
47527,용강초등학교,백범로17길 9(대흥동),,600,0,11440600,대흥동,,마포구
47528,구립양평4가 경로당,양평동4가 238-1,,200,0,11560620,양평2동,,영등포구
47529,자교교회,,,0,0,11110515,청운효자동,,종로구
47530,종로문화체육센터,사직동 284-1 (인왕산로 1길 21),,656,0,11110530,사직동,,종로구
47531,삼광초등학교,후암동 190-2,,1580,0,11170510,후암동,,용산구
47532,이태원초등학교,이태원2동 406,,650,0,11170660,이태원2동,,용산구
47533,영중초등학교,영등포동7가 53,,975,0,11560535,영등포동,,영등포구
47534,성균관대학교,명륜3가 53 (성균관로 2-25),,1576,0,11110660,명륜3가동,,종로구
47535,경산중고등학교,,,0,0,11110650,혜화동,,종로구
47536,성심여고,원효4가 1-1,,160,0,11170570,원효로2동,,용산구
47537,숭덕초등학교(교사동),정릉2동 173,,600,0,11290630,정릉2동,,성북구
47538,숭문중고등학교,숭문길 99(대흥동),,600,0,11440600,대흥동,,마포구
47539,영도초등학교,목5동 903-1(신목길 75),,282,0,11470550,목5동,,양천구
47540,신상도초등학교,상도동 산65,,820,0,11590540,상도2동,,동작구
47541,도원동교회,도원동 4-3,,40,0,11170590,용문동,,용산구
47542,서빙고초등학교,서빙고 235-1,,500,0,11170690,서빙고동,,용산구
47543,화곡 경로당,화곡8동 341-41,,68,0,11500593,화곡8동,,강서구
47544,흑석초등학교,흑석동 7-1,,820,0,11590605,흑석동,,동작구
47545,남사초등학교,사당동 1011-1,,700,0,11590620,사당1동,,동작구
47546,은천동주민센터,봉천로33 나길 30,,100,0,11620605,은천동,,관악구
47547,북가좌초등학교,북가좌동 376-17,,270,0,11410710,북가좌1동,,서대문구
47548,동교초등학교,월드컵로25길 86(망원동),,1580,0,11440700,망원2동,,마포구
47549,염경초등학교,염창동 79,,1000,0,11500510,염창동,,강서구
47550,정릉교회(교육관),정릉1동 139-2,,20,0,11290620,정릉1동,,성북구
47551,경복고등학교,,,0,0,11110515,청운효자동,,종로구
47552,서울예술고등학교,평창동 217 (세검정로 352),,1220,0,11110560,평창동,,종로구
47553,신수중학교,신수로 49(구수동),,510,0,11440630,신수동,,마포구
47554,서현교회,잔다리로7길 31(서교동),,1000,0,11440660,서교동,,마포구
47555,샛터경로당,새터산16길 26,,41,0,11440730,성산2동,,마포구
47556,정목초등학교,목4동 757(돌언덕길 36),,4786,0,11470540,목4동,,양천구
47557,선유정보문화도서관,양평동3가 88-1,,38,0,11560620,양평2동,,영등포구
47558,종로노인종합복지관,이화동 25-1 (율곡로 19길 17-8),,901,0,11110640,이화동,,종로구
47559,창신초등학교,창신동 128번지 (지봉로 73),,1500,0,11110670,창신1동,,종로구
47560,대진초등학교,개포동 13번지 (개포로 북62길58),,1300,0,11680740,일원2동,,강남구
47561,혜원여자고등학교,망우3동 519(봉우재로 58길 39),,1500,0,11260660,망우3동,,중랑구
47562,둔촌2동 주민센터,강동구 둔촌동 65,,0,0,11740700,둔촌2동,,강동구
47563,이문1동 주민센터,이문동 120-1,,0,0,11230740,이문1동,,동대문구
47564,신방학중학교,방학3동 307-1 (시루봉로 156),,634,0,11320710,방학3동,,도봉구
47565,삼성2문화복지회관,봉은사로 419 (봉은사로 419),,350,0,11680590,삼성2동,,강남구
47566,아주중학교,잠실7동 115,,1660,0,11710720,잠실7동,,송파구
47567,건국대학교부속중학교,자양1동 764,,0,0,11215820,자양1동,,광진구
47568,전농2동 주민센터,전농동 60-19,,0,0,11230570,전농2동,,동대문구
47569,청량중학교,청량리동 14,,0,0,11230705,청량리동,,동대문구
47570,산돌교회,망우본동 461-51(봉우재길 235),,40,0,11260570,면목7동,,중랑구
47571,신구초등학교,신사동 550-11(압구정로 남7길28),,4955,0,11680510,신사동,,강남구
47572,단대부고체육관,대치1동 1013(도곡로 남42길1),,1394,0,11680600,대치1동,,강남구
47573,송파공업고등학교,거여1동 354,,1000,0,11710531,거여1동,,송파구
47574,천호1동 주민센터,강동구 천호동 76-2,,0,0,11740600,천호1동,,강동구
47575,금호초교,금호3가 165-1(금남시장길 81),,472,0,11200615,금호2.3가동,,성동구
47576,암사2동 주민센터,강동구 암사동 503-8,,0,0,11740580,암사2동,,강동구
47577,대모초등학교,일원본동 736번지 (광평로 남11길27),,300,0,11680720,일원본동,,강남구
47578,중랑청소년수련관,면목4동 1382-10(용마산로 217),,100,0,11260540,면목4동,,중랑구
47579,용곡중학교,중곡4동 산3-11,,0,0,11215770,중곡4동,,광진구
47580,면남초등학교,면목7동 583-15(면목로304길 38),,1450,0,11260570,면목7동,,중랑구
47581,번동중학교,번동 231 (오현로35길 87),,1384,0,11305600,번2동,,강북구
47582,남천초등학교,마천동 53,,2000,0,11710550,마천2동,,송파구
47583,천호초등학교,천호1동 230-9,,0,0,11740600,천호1동,,강동구
47624,길음 종합사회복지관,길음2동 905,,300,0,11290685,길음2동,,성북구
47625,미양중학교,미아동 837-735,,2676,0,11305534,삼양동,,강북구
47626,방배중학교,반포4동 586-1,,0,0,11650581,반포4동,,서초구
47627,청파초등학교,청파2가 1-42,,2310,0,11170555,청파동,,용산구
47628,성산중학교,성지1길32-13(합정동),,300,0,11440680,합정동,,마포구
47629,시냇가푸른나무교회,인헌동 1655-40,,95,0,11620625,인헌동,,관악구
47630,무학초교,하왕십리 950-1(무학초등길 16),,259,0,11200520,왕십리2동,,성동구
47631,서울양재초등학교,양재동 101(바우뫼로 18길 14),,0,0,11650651,양재1동,,서초구
47632,개포중학교,개포1동 660-37 (선릉로 948),,900,0,11680660,개포1동,,강남구
47633,포이초등학교,개포4동 1273 (개포로 남24길95),,2464,0,11680690,개포4동,,강남구
47634,"일심교회(1,2층)",성미산로 190-14 (연남동),,42,0,11440710,연남동,,마포구
47635,홍제1동주민센터,홍제동 171-1,,35,0,11410620,홍제1동,,서대문구
47636,상현중학교,상도동 111-52,,2440,0,11590530,상도1동,,동작구
47637,예능교회,,,0,0,11110560,평창동,,종로구
47638,미양고등학교,미아동 837-734,,3483,0,11305534,삼양동,,강북구
47639,사당2동주민센터,사당동 105-12,,90,0,11590630,사당2동,,동작구
47640,서울신봉초등학교,양녕로6나길 1,,878,0,11620615,중앙동,,관악구
47641,경기상업고등학교,,,0,0,11110515,청운효자동,,종로구
47642,행당초교,행당동 320(은행나무길 57),,80,0,11200560,행당1동,,성동구
47643,여의도여자고등학교,여의도동 40-2,,188,0,11560540,여의동,,영등포구
47644,한남교회,한남동 625,,10,0,11170685,한남동,,용산구
47645,상수청소년독서실,토정로 148-14(상수동),,50,0,11440655,서강동,,마포구
47646,명신초등학교,,,0,0,11110690,창신3동,,종로구
47647,삼일교회,청파1가 180-36,,500,0,11170555,청파동,,용산구
47648,용두초등학교,용두동 237-1,,0,0,11230536,용신동,,동대문구
47649,용산문화체육센터,문배동 19-2,,210,0,11170560,원효로1동,,용산구
47650,홍성교회,홍제3동 286-30,,400,0,11410640,홍제3동,,서대문구
47651,서울마포초등학교,도화2길 64(도화동),,300,0,11440585,도화동,,마포구
47652,서울여자고등학교 (체,백범로25길 34(염리동),,580,0,11440610,염리동,,마포구
47653,노원초등학교,상계1동 1014(노원구 노원새싹길 18),,2082,0,11350630,상계1동,,노원구
47654,이문초등학교,이문동 164-26,,0,0,11230750,이문2동,,동대문구
47655,상일초등학교,상일동 325-1,,0,0,11740520,상일동,,강동구
47656,성원중학교,성수2가 333-17(성원중길 36),,393,0,11200670,성수2가1,,성동구
47657,세종대학교 군자관,군자동 98,,0,0,11215730,군자동,,광진구
47658,회기동 주민센터,회기동 347-8,,0,0,11230710,회기동,,동대문구
47659,국일교회,상봉2동 86-11(상봉로 25길 27),,300,0,11260590,상봉2동,,중랑구
47660,문정초등학교,문정1동 12,,2000,0,11710641,문정1동,,송파구
47661,갈산초등학교,신정7동 330-10(등촌로 452),,200,0,11470680,신정7동,,양천구
47662,송원초교,송정동 72-8(동일로43길 9),,186,0,11200720,송정동,,성동구
47663,답십리2동 주민센터,답십리동 10-2,,0,0,11230610,답십리2동,,동대문구
47664,이문동교회,이문동 260-4,,0,0,11230740,이문1동,,동대문구
47665,개봉2동 주민센터,개봉동 261-5,,0,0,11530750,개봉2동,,구로구
47666,강동어린이회관,성내1동 556-1,,0,0,11740640,성내1동,,강동구
47667,용곡초등학교,중곡4동 176-1,,2160,0,11215770,중곡4동,,광진구
47668,휘경중학교,휘경2동 286-66,,0,0,11230730,휘경2동,,동대문구
47669,일원초등학교,일원동 691 (영동대로 동98길20),,2131,0,11680670,개포2동,,강남구
47670,면중초등학교,면목3.8동 491-1(용마산로70길 43),,1000,0,11260575,면목3.8동,,중랑구
47671,중화중학교,면목3.8동 83(용마산로 364),,879,0,11260575,면목3.8동,,중랑구
47672,평화초등학교,가락본동 106,,1700,0,11710620,가락본동,,송파구
47673,건국대학교부속고등학교,자양1동 764,,0,0,11215820,자양1동,,광진구
47674,중대초등학교,송파2동 191,,1200,0,11710590,송파2동,,송파구
47675,잠실초등학교,,,0,0,11710690,잠실4동,,송파구
47676,일심 경로당2,방화1동 217-159,,36,0,11500630,방화1동,,강서구
47677,매봉초등학교,개봉동 3,,0,0,11530740,개봉1동,,구로구
47678,양남초등학교,자양2동 692,,0,0,11215830,자양2동,,광진구
47679,중화초등학교,신내2동 531(신내로 7가길 22),,1600,0,11260690,신내2동,,중랑구
47680,석계초등학교,석관동 27-3,,3096,0,11290810,석관동,,성북구
47681,길 동 주민센터,강동구 길동 103-1,,0,0,11740685,길동,,강동구
47682,장안1동 주민센터,장안동 395-3,,0,0,11230650,장안1동,,동대문구
47683,시영경로당,고덕1동 494,,0,0,11740550,고덕1동,,강동구
47684,암사1동 주민센터,강동구 암사동 493-13,,0,0,11740570,암사1동,,강동구
47584,경일중학교,성수1가 22-27(성수중앙길 90),,600,0,11200650,성수1가1,,성동구
47585,성일중학교,제기동 271-41,,0,0,11230545,제기동,,동대문구
47586,답십리1동 주민센터,답십리동 477-9,,0,0,11230600,답십리1동,,동대문구
47587,중목초등학교,면목2동 180-5(동일로 665),,1000,0,11260520,면목2동,,중랑구
47588,중화2동 문화복지센터,중화2동 321-37(중랑역 3길),,58,0,11260610,중화2동,,중랑구
47589,대치1문화센터,대치1동 646-2 (남부순환로 북41길19),,450,0,11680600,대치1동,,강남구
47590,수서초등학교,수서동 709 (개포로 북21길46),,1890,0,11680750,수서동,,강남구
47591,구립용왕경로당,목2동 517-22(달거리길 97),,100,0,11470520,목2동,,양천구
47592,도림교회,도림동 205-24,,300,0,11560585,도림동,,영등포구
47593,구립문래제1경로당,문래동3가 73-1,,20,0,11560605,문래동,,영등포구
47594,성락교회,신길동 355-184,,190,0,11560650,신길3동,,영등포구
47595,상도3동주민센터,상도동 315-37,,180,0,11590550,상도3동,,동작구
47596,석관고등학교,석관동 77-1,,230,0,11290810,석관동,,성북구
47597,증산중학교,증산동 산24,,2260,0,11380640,증산동,,은평구
47598,당산초등학교,양평동4가 323,,1540,0,11560620,양평2동,,영등포구
47599,대영초등학교,신길동 341-1,,401,0,11560670,신길5동,,영등포구
47600,무지개 경로당,화곡4동 810-6,,60,0,11500570,화곡4동,,강서구
47601,능말 경로당,방화3동 811-15,,46,0,11500641,방화3동,,강서구
47602,구일고등학교,구로동 685-194,,0,0,11530520,구로1동,,구로구
47603,고척1동 주민센터,고척동 82-9,,0,0,11530720,고척1동,,구로구
47604,염창강변 경로당,염창동 114-2,,35,0,11500510,염창동,,강서구
47605,덕의초등학교,고척2동 196-4,,0,0,11530730,고척2동,,구로구
47606,문창초등학교,신대방동 639,,1100,0,11590670,신대방1동,,동작구
47607,방화초등학교,방화동 542-2,,700,0,11500640,방화2동,,강서구
47608,오류여자중학교,개봉동 143-4,,0,0,11530740,개봉1동,,구로구
47609,미성동주민센터,난곡로 129,,200,0,11620765,미성동,,관악구
47610,치현초등학교,방화동 833,,700,0,11500641,방화3동,,강서구
47611,화원중학교,화곡동 산 144-4,,500,0,11500540,화곡1동,,강서구
47612,구로1동 주민센터,구로1동685-213,,0,0,11530520,구로1동,,구로구
47613,영림초등학교,대림동 993-16,,640,0,11560710,대림2동,,영등포구
47614,난우중학교,난곡로16길 32,,60,0,11620775,난곡동,,관악구
47615,구립율산경로당,신길동 9-102,,30,0,11560630,신길1동,,영등포구
47616,서정초등학교,목1동 927-5(진명길 19),,1020,0,11470510,목1동,,양천구
47617,약수 경로당,화곡8동 409-84,,28,0,11500593,화곡8동,,강서구
47618,영등포동 주민자치회관,영등포동7가 59-1,,35,0,11560535,영등포동,,영등포구
47619,월곡초등학교,장위2동 246-194,,2427,0,11290770,장위2동,,성북구
47620,상계중학교,상계2동 195-5(노원구 노원길 398),,756,0,11350640,상계2동,,노원구
47621,영광교회,월곡1동 222-7,,100,0,11440630,신수동,,마포구
47622,용산초등학교,한강2가1,,1580,0,11170625,한강로동,,용산구
47623,광희중학교,응봉동 205-1(광희중길 58),,484,0,11200580,응봉동,,성동구
47685,영서초등학교,구로동 165-1,,0,0,11530540,구로3동,,구로구
47686,대방중학교,신대방동 293-200,,1000,0,11590670,신대방1동,,동작구
46793,청담고등학교,압구정동 526(압구정로 419),,8000,0,11680545,압구정동,,강남구
46794,신흥교회,암사1동 472-20,,0,0,11740570,암사1동,,강동구
46795,문래동 성당,문래동3가 77-16,,268,0,11560605,문래동,,영등포구
46796,대원고등학교,중곡4동 산 3-18,,0,0,11215760,중곡3동,,광진구
46797,장로회신학대학교,광장동 353,,0,0,11215810,광장동,,광진구
46798,서울광장초등학교,광장동 389-1,,0,0,11215810,광장동,,광진구
46799,중랑노인요양원,망우본동 227,,1000,0,11260655,망우본동,,중랑구
46800,면일초등학교,망우3동 440(용마산로 100길 13),,800,0,11260660,망우3동,,중랑구
47041,방화6복지관 경로당,방화3동 816,,24,0,11500641,방화3동,,강서구
47042,구로5동 주민센터,구로5동 109-4,,0,0,11530560,구로5동,,구로구
47043,경복초등학교,능동 25,,860,0,11215780,능동,,광진구
47044,중화고등학교,중화1동 21-4(봉화산로 27길 62),,1100,0,11260600,중화1동,,중랑구
47045,용원초등학교,공릉1?3동 709(노원구 섬밭길 144),,2028,0,11350605,공릉1.3동,,노원구
47046,오남중학교,오류동 산39-40,,0,0,11530780,오류2동,,구로구
47047,강동초등학교,천호2동 306,,0,0,11740610,천호2동,,강동구
47048,성내동교회,성내2동 135-30,,0,0,11740650,성내2동,,강동구
47049,서울창도초등학교,방학1동 722-9 (방학로 32-28),,2434,0,11320690,방학1동,,도봉구
47050,면목중학교,면목3.8동 490(용마산로70길 37),,850,0,11260575,면목3.8동,,중랑구
47051,용동초등학교,중계3동 510-1(노원구 소방서길 41-1),,2201,0,11350625,중계2.3동,,노원구
47052,고명초등학교,명일1동 296-1,,0,0,11740530,명일1동,,강동구
47053,구로4동 주민센터,구로동 317번지 87호,,0,0,11530550,구로4동,,구로구
47054,대림정보문화도서관,대림동 608-2,,52,0,11560720,대림3동,,영등포구
47055,대명초등학교,명일2동 234,,0,0,11740540,명일2동,,강동구
47056,강일중학교,암사3동 448,,0,0,11740590,암사3동,,강동구
47057,광양고등학교,자양2동 674-1,,697,0,11215830,자양2동,,광진구
47058,신광명 경로당,외발산동 221-1,,79,0,11500611,발산1동,,강서구
47059,동구로초등학교,구로동 93,,0,0,11530550,구로4동,,구로구
47060,수정성결교회,대림동 665-11,,200,0,11560720,대림3동,,영등포구
47061,양진중학교,광장동 산81-5,,0,0,11215810,광장동,,광진구
47062,석관초등학교,석관동 205,,130,0,11290810,석관동,,성북구
47063,신도림동 주민센터,신도림동390-44,,0,0,11530510,신도림동,,구로구
47064,천호동중앙교회,천호2동 337-19,,0,0,11740610,천호2동,,강동구
47065,선화예술고등학교,능동 25,,1878,0,11215780,능동,,광진구
47066,월촌초등학교,목5동 901-1(모세미길 85),,215,0,11470550,목5동,,양천구
47067,도림초등학교,신길동 288-9,,229,0,11560650,신길3동,,영등포구
47068,서광경로당,쏙고개로2라길75,,15,0,11620665,서림동,,관악구
47069,곰달래 경로당,화곡1동 922-10,,27,0,11500540,화곡1동,,강서구
47070,응암감리교회,응암3동 325-2,,970,0,11380600,응암3동,,은평구
47071,창서초등학교,창천동 53-38,,186,0,11410585,신촌동,,서대문구
47072,은가경로당,북가좌동 5-106,,140,0,11410720,북가좌2동,,서대문구
47073,강남초교,상도동 501,,800,0,11590530,상도1동,,동작구
47074,남성중학교,사당동 304-45,,680,0,11590650,사당4동,,동작구
47075,오산고교,보광동 168,,240,0,11170700,보광동,,용산구
47076,양강중학교,신월2동 499-2(강서로 594),,1212,0,11470570,신월2동,,양천구
47077,구립당산2동경로당,당산동6가 184,,20,0,11560560,당산2동,,영등포구
47078,금양초등학교,효창동 116-4,,2950,0,11170580,효창동,,용산구
47079,양재1동 주민센터,우면동 68-2,,0,0,11650651,양재1동,,서초구
47080,홍연초등학교,홍은동 305,,330,0,11410685,홍은2동,,서대문구
47081,한강미디어고등학교,양평동4가 315-1,,532,0,11560620,양평2동,,영등포구
47082,독립문초등학교,무악동 46-82 (통일로12길 23),,300,0,11110570,무악동,,종로구
47083,서초구청,서초2동 1376-3(남부순환로 2584),,0,0,11650520,서초2동,,서초구
47084,시흥초등학교,시흥1동 841-19 (독산로23길 26),,3648,0,11545670,시흥1동,,금천구
47085,양강초등학교,신월2동 496(오목로 262),,280,0,11470570,신월2동,,양천구
47086,신서초등학교,신정1동 312(신서7길 20),,209,0,11470620,신정1동,,양천구
47087,보성여고,용산2가 1-1123,,970,0,11170520,용산2가동,,용산구
47088,서교감리교회,동교로 116(서교동),,150,0,11440660,서교동,,마포구
47089,문래중학교,문래동6가 44,,480,0,11560605,문래동,,영등포구
47090,양평1동 주민센터,양평동1가 211-1,,20,0,11560610,양평1동,,영등포구
47091,선유고등학교,양평동4가 10,,262,0,11560620,양평2동,,영등포구
47092,남일교회,사당동 1127-22,,200,0,11590630,사당2동,,동작구
47093,풍문여자고등학교,안국동 175-2 (율곡로 3길 4),,3494,0,11110540,삼청동,,종로구
47094,골안말 경로당,화곡2동 865-1,,42,0,11500550,화곡2동,,강서구
47095,초록동 경로당,화곡본동 55-79,,130,0,11500590,화곡본동,,강서구
47096,한서초등학교 (강당),대흥로24바길 27 (염리동),,510,0,11440610,염리동,,마포구
47097,동작고등학교,사당동 236-4,,1000,0,11590651,사당5동,,동작구
47098,방이초등학교,방이1동 167,,1400,0,11710561,방이1동,,송파구
47099,천호중학교,천호1동 38-1,,0,0,11740600,천호1동,,강동구
47100,천호2동 주민센터,강동구 천호동 337-121,,0,0,11740610,천호2동,,강동구
47101,성내초등학교,성내1동 300-3,,0,0,11740640,성내1동,,강동구
47102,면목초등학교,면목본동 221(면동로 434),,2500,0,11260565,면목본동,,중랑구
47103,창동고등학교,창1동 694-10 (노해로 62길 7),,4761,0,11320511,창1동,,도봉구
47104,백운중학교,쌍문2동 68-2 (도봉로 129길 50),,2190,0,11320670,쌍문2동,,도봉구
47105,청담초등학교,청담동 142 (압구정로 북46길9),,4242,0,11680565,청담동,,강남구
47106,잠동초등학교,,,0,0,11710710,잠실6동,,송파구
47107,대원외국어고등학교,중곡4동 산 3-18,,0,0,11215770,중곡4동,,광진구
47108,중랑초등학교,면목2동 192-1(봉우재로6길 26),,1061,0,11260520,면목2동,,중랑구
47109,돈암초등학교,동선동 27-1,,900,0,11290575,동선동,,성북구
47110,청담2문화복지회관,청담동2동 35-10 (학동로 북46길11),,800,0,11680565,청담동,,강남구
47111,성내3동 주민센터,강동구 성내동 430-29,,0,0,11740660,성내3동,,강동구
47112,수유2동주민센터,수유2동 730-1,,301,0,11305620,수유2동,,강북구
47113,서울창림초등학교,창동 412-4 (덕릉로 63길 46),,3610,0,11320512,창2동,,도봉구
47114,둔촌초등학교,둔촌1동 170-2,,0,0,11740690,둔촌1동,,강동구
47115,대원여자고등학교,중곡4동 산3-18,,0,0,11215770,중곡4동,,광진구
47116,성암국제무역고,미아동 327,,1144,0,11305555,송천동,,강북구
47117,송천초등학교,미아동 438 (삼양로20길 29),,2812,0,11305555,송천동,,강북구
47118,서울쌍문초등학교,쌍문1동 360-4 (우이천로 360),,2336,0,11320660,쌍문1동,,도봉구
47119,효제초등학교,효제동 255-4 (대학로 12),,175,0,11110630,종로5.6가,,종로구
47120,방화2동 경로당,방화2동 648-23,,54,0,11500640,방화2동,,강서구
47121,안천중학교,독산1동 1089 (한내로 69-44),,1120,0,11545610,독산1동,,금천구
47122,신현초등학교,신내2동663(봉화산로 188),,1069,0,11260690,신내2동,,중랑구
47123,개봉1동 주민센터,개봉동 166-9,,0,0,11530740,개봉1동,,구로구
47124,개봉3동 주민센터,개봉동 360-7,,0,0,11530760,개봉3동,,구로구
47125,영파여자중학교,,,0,0,11710520,풍납2동,,송파구
47126,경희대동서신의학병원,상일동 149,,0,0,11740520,상일동,,강동구
47127,현강여자정보고등학교,고덕2동 295-1,,0,0,11740620,천호3동,,강동구
47128,성내2동 주민센터,강동구 성내동 508,,0,0,11740650,성내2동,,강동구
47129,신서중학교,신정1동 310-6(강서로 709),,1240,0,11470620,신정1동,,양천구
47130,방화구립 경로당,방화1동 262-7,,35,0,11500630,방화1동,,강서구
47131,고척중학교,고척동76-2,,0,0,11530720,고척1동,,구로구
47132,광장중학교,광장동 394-6,,154,0,11215810,광장동,,광진구
47133,서울자운초등학교,창4동 181-19 (마들로 13길 166),,2754,0,11320514,창4동,,도봉구
47134,오류초등학교,오류동 15,,0,0,11530770,오류1동,,구로구
47135,풍납초등학교,,,0,0,11710510,풍납1동,,송파구
47136,동신중학교,천호3동 447-9,,0,0,11740620,천호3동,,강동구
47137,문래초등학교,문래동3가 77-7,,788,0,11560605,문래동,,영등포구
47138,상경중학교,상계8동 653(노원구 늘푸른1길 31),,700,0,11350700,상계8동,,노원구
47139,서울구로남초등학교,,,0,0,11530540,구로3동,,구로구
47140,도신초등학교,대림동 741-3,,1400,0,11560720,대림3동,,영등포구
47141,성동초등학교,자양2동 694-1,,0,0,11215830,자양2동,,광진구
47142,장평중학교,장안3동 352,,0,0,11230650,장안1동,,동대문구
47143,중화2동주민센터,중화2동 310-62(정나눔길 22),,86,0,11260610,중화2동,,중랑구
47144,천호3동 주민센터,강동구 천호동 555,,0,0,11740620,천호3동,,강동구
47145,광진중학교,자양2동 693,,0,0,11215830,자양2동,,광진구
47146,강동롯데캐슬경로당,암사3동 414-2,,0,0,11740590,암사3동,,강동구
47147,성내1동 주민센터,강동구 성내동 539-1,,0,0,11740640,성내1동,,강동구
47148,염리초등학교,토정로37길 37(염리동)?,,580,0,11440590,용강동,,마포구
47149,낙루경로당,월드컵북로38 나길 25,,11,0,11440730,성산2동,,마포구
47150,세검정초등학교,신영동 219-4 (세검정로 9길 1),,136,0,11110550,부암동,,종로구
47151,양목초등학교,신정4동 1001(양목3길 28),,310,0,11470650,신정4동,,양천구
47152,연동경로당,성미산로29안길 30,,36,0,11440710,연남동,,마포구
47153,신정초등학교,화곡동 869-42,,3000,0,11500550,화곡2동,,강서구
47154,신곡초등학교,화곡동 476-42,,900,0,11500570,화곡4동,,강서구
47155,봉바위 경로당,화곡동 1061-36,,27,0,11500615,우장산동,,강서구
47156,송학대교회,노량진동 225-57,,1000,0,11590520,노량진2동,,동작구
47157,난향초등학교,신림동 672,,445,0,11620715,난향동,,관악구
47158,서림경로당,서림3길 47,,60,0,11620665,서림동,,관악구
47159,중구민회관,,,0,0,11140590,광희동,,중구
47160,대한예수교장로회 북아현교회,북아현동 1-1355,,190,0,11410565,충현동,,서대문구
47161,신덕교회 대예배실,만리재로 48(신공덕동),,172,0,11440565,공덕동,,마포구
47162,태영 경로당,독막로 268(대흥동),,100,0,11440590,용강동,,마포구
47163,목동초등학교,신정2동 86-2(신목길 18),,240,0,11470630,신정2동,,양천구
47164,수명 경로당,화곡3동 1044-31,,29,0,11500560,화곡3동,,강서구
47165,우성3차아파트 경로당,신길동 4656,,32,0,11560680,신길6동,,영등포구
47166,연가초등학교,남가좌동 364-6,,100,0,11410700,남가좌2동,,서대문구
47167,내발산 경로당,내발산동 671-30,,73,0,11500615,우장산동,,강서구
47168,원효1동자치회관,원효1가 26-15,,210,0,11170560,원효로1동,,용산구
47169,연희동주민센터,연희동 77-9,,203,0,11410615,연희동,,서대문구
47170,신가경로당,북가좌동 318-1,,25,0,11410720,북가좌2동,,서대문구
47171,서교동교회,잔다리로6길 11(서교동),,300,0,11440660,서교동,,마포구
47172,관악고등학교,양평동2가 23-2,,512,0,11560610,양평1동,,영등포구
47173,고경경로당,상도동 438,,50,0,11590530,상도1동,,동작구
47174,관악초등학교,청룡동 920,,992,0,11620595,청룡동,,관악구
47175,공원 경로당,화곡1동 379-32,,73,0,11500540,화곡1동,,강서구
47176,아현감리교회,북아현동 950,,300,0,11410555,북아현동,,서대문구
47177,경성고등학교,성미산로 111(연남동),,190,0,11440710,연남동,,마포구
47178,새말경로당,목2동 230-32(목동중앙본로2길13-11),,100,0,11470520,목2동,,양천구
47179,신동아(아)관리사무소,서빙고 241-21,,30,0,11170690,서빙고동,,용산구
47180,풍납동 천주교회,풍납2동 339-1,,2600,0,11710520,풍납2동,,송파구
47181,구의초등학교,모진동 3-9,,0,0,11215710,화양동,,광진구
47182,배봉초등학교,전농동 3-111,,0,0,11230570,전농2동,,동대문구
47183,휘경2동 주민센터,휘경동 312-248,,0,0,11230730,휘경2동,,동대문구
47184,삼각산중학교,미아동 1357-11 (삼양로19길 141),,3065,0,11305575,삼각산동,,강북구
47185,석촌초등학교,석촌동 267,,1500,0,11710600,석촌동,,송파구
47186,송파중학교,가락2동 139,,1100,0,11710632,가락2동,,송파구
47187,성수중학교,성수1가 685-143(성수중길 63),,204,0,11200660,성수1가2,,성동구
47188,장평초등학교,장안동 323,,0,0,11230660,장안2동,,동대문구
47189,수유초등학교,수유동 55-5 (삼양로74길 39),,218,0,11305610,수유1동,,강북구
47190,군자초등학교,장안동 239-2,,0,0,11230650,장안1동,,동대문구
47191,우이초등학교,수유동 409-6 (삼양로99길 36),,4191,0,11305660,인수동,,강북구
47192,영풍초등학교,거여1동 12,,1000,0,11710531,거여1동,,송파구
47193,문덕초등학교,문정1동 90-3,,1740,0,11710646,장지동,,송파구
47194,신천초등학교,잠실5동 27-5,,4900,0,11710680,잠실3동,,송파구
47195,옥정초교,옥수동 233-16(한림말길 43),,163,0,11200645,옥수동,,성동구
47196,용마초등학교,중곡2동 135-1,,2750,0,11215750,중곡2동,,광진구
47197,대원중학교,중곡4동 산 3-18,,0,0,11215770,중곡4동,,광진구
47198,용마중학교,면목4동 378-2(면목로28길 18),,1455,0,11260540,면목4동,,중랑구
47199,강북청소년수련관,수유동 535-380 (4.19길 224),,1679,0,11305645,우이동,,강북구
47200,삼성1문화센터,삼성동 8 (봉은사로 616),,450,0,11680580,삼성1동,,강남구
47201,오금초등학교,오금동 7,,1900,0,11710570,오금동,,송파구
47202,휘경1동 주민센터,휘경동 135-9,,0,0,11230720,휘경1동,,동대문구
47203,이문2동 주민센터,이문동 237-1,,0,0,11230740,이문1동,,동대문구
47204,원광장애인복지관,신내1동 572-2,,200,0,11260680,신내1동,,중랑구
47205,서울동북초등학교,쌍문동 263 (시루봉로 53),,424,0,11320681,쌍문4동,,도봉구
47206,오금고등학교,오금동 34-3,,1800,0,11710570,오금동,,송파구
47207,전농초등학교,전농동 306,,0,0,11230560,전농1동,,동대문구
47208,삼선초등학교,삼선동 3가 30-4,,3689,0,11290555,삼선동,,성북구
47209,내곡동 주민센터,염곡동 180-11(염곡말길 9),,0,0,11650660,내곡동,,서초구
47210,영란여자중학교,망우본동 220(광천10길 34),,300,0,11260655,망우본동,,중랑구
47211,공릉중학교,공릉2동 250-1(노원구 화랑대역길 22),,680,0,11350600,공릉2동,,노원구
47212,광성교회,송파구 풍납1동 474,,2500,0,11710510,풍납1동,,송파구
47213,온조대왕문화체육관,고덕2동 296,,0,0,11740560,고덕2동,,강동구
47214,해공도서관,천호2동 360,,0,0,11740610,천호2동,,강동구
47215,상곡초등학교,상계10동 678(노원구 상곡길 18),,824,0,11350720,상계10동,,노원구
47216,명성교회 예루살렘관,명일1동 330-5,,0,0,11740530,명일1동,,강동구
47217,강동성심병원,길동 477-2,,0,0,11740685,길동,,강동구
47218,을지초등학교,중계1동 360(노원구 무수동길 239),,1607,0,11350621,중계1동,,노원구
47219,천호초등학교 체육관,천호1동 230-9,,0,0,11740600,천호1동,,강동구
47220,명일2동 주민센터,강동구 명일동 223-7,,0,0,11740540,명일2동,,강동구
47221,천호2동 주민센터,강동구 천호동 302-4,,0,0,11740610,천호2동,,강동구
47222,천동초등학교,길동 371-1,,0,0,11740685,길동,,강동구
47223,하계중학교,하계1동 231-4(노원구 구로정길 23),,2291,0,11350611,하계1동,,노원구
47224,묵현초등학교,묵2동 242-55(동일로 157길 75),,3920,0,11260630,묵2동,,중랑구
47225,둔촌1동 주민센터,강동구 둔촌동 172-5,,0,0,11740690,둔촌1동,,강동구
47226,면동초등학교,면목본동 551(면동로57길 32),,300,0,11260565,면목본동,,중랑구
47227,면목고등학교,면목3.8동 77(용마산로72길 36-14),,1600,0,11260575,면목3.8동,,중랑구
47228,건국대학교 사범대학,화양동 1,,0,0,11215710,화양동,,광진구
47229,상봉중학교,상봉1동 282(상봉중앙로8 나길 28),,1200,0,11260580,상봉1동,,중랑구
47230,영암교회(교회당),돈암1동 6-12,,500,0,11290580,돈암1동,,성북구
47231,창문여자고등학교,미아동 8-16(월계로 61),,251,0,11305545,송중동,,강북구
47232,양진초등학교,광장동 산 81-5,,0,0,11215810,광장동,,광진구
47233,동의초등학교,구의2동 4-5,,0,0,11215860,구의2동,,광진구
47234,방산초등학교,방이1동 220-4,,2200,0,11710561,방이1동,,송파구
47235,문정중학교,문정1동 12-1,,900,0,11710641,문정1동,,송파구
47236,영등포초등학교,문래동1가 35-2,,650,0,11560605,문래동,,영등포구
47237,장훈고등학교,신길동 176,,1000,0,11560515,영등포본동,,영등포구
47238,공릉초등학교,공릉1?3동 610-1(노원구 공대천 1길 8),,630,0,11350605,공릉1.3동,,노원구
47239,등촌초등학교,등촌동 520-4,,900,0,11500530,등촌2동,,강서구
47240,만민중앙선교회,,,0,0,11530540,구로3동,,구로구
47241,대림중학교,대림동 959,,420,0,11560700,대림1동,,영등포구
47242,오류2동 주민센터,오류동 172-76,,0,0,11530780,오류2동,,구로구
47243,구로여자정보산업고등학교,,,0,0,11530790,수궁동,,구로구
47244,영남교회,영등포동4가 184-1,,106,0,11560535,영등포동,,영등포구
47245,조원동주민센터,,,0,0,11620725,조원동,,관악구
47246,선린초등학교,둔촌2동 91-17,,0,0,11740700,둔촌2동,,강동구
47247,우신초등학교,신길동 210,,82,0,11560660,신길4동,,영등포구
47248,서울조원초등학교,548-2(강남길67),,188,0,11620725,조원동,,관악구
47249,동부 경로당,방화1동 168-87,,30,0,11500630,방화1동,,강서구
47250,오류1동 주민센터,오류동 31-138,,0,0,11530770,오류1동,,구로구
47251,수도여자고등학교,신대방동 470-13,,800,0,11590680,신대방2동,,동작구
47252,불암초등학교,중계본동 366-2(노원구 무수동길 178),,860,0,11350619,중계본동,,노원구
47253,문창중학교,신대방동 364-58,,700,0,11590680,신대방2동,,동작구
47254,강일동 주민센터,강일동 678,,0,0,11740515,강일동,,강동구
47255,고덕1동 주민센터,고덕동 670-2,,0,0,11740550,고덕1동,,강동구
47256,월계초등학교,월계2동 561(노원구 안골1길 6),,572,0,11350570,월계2동,,노원구
47257,봉제 경로당,화곡본동 산 47-16,,27,0,11500590,화곡본동,,강서구
47258,발음 경로당,내발산동 697,,27,0,11500611,발산1동,,강서구
47259,한빛사회복지관,신월4동 540-1(수양버들8길26),,280,0,11470590,신월4동,,양천구
47260,도림천주교회,도림동 161,,120,0,11560585,도림동,,영등포구
47261,구립신길5동제2경로당,신길동 343-3,,30,0,11560670,신길5동,,영등포구
47262,신길7제1구립노인정,신길동 897-3,,50,0,11560690,신길7동,,영등포구
47263,여의동 주민센터,여의도동 53-22,,5,0,11560540,여의동,,영등포구
47264,서원동주민센터,관악구 신림로 282,,50,0,11620645,서원동,,관악구
47265,신묵초등학교,묵2동 246-12(동일로 149길 46),,1000,0,11260630,묵2동,,중랑구
47266,상일동 주민센터,상일동 131-1,,0,0,11740520,상일동,,강동구
47267,신명초등학교,길동 42,,0,0,11740685,길동,,강동구
47268,홍제초등학교,홍은동 48-112,,815,0,11410660,홍은1동,,서대문구
47269,양화초등학교,목2동 542(양화길 43),,1422,0,11470520,목2동,,양천구
47270,장승중학교,상도동 175-1,,1000,0,11590540,상도2동,,동작구
47271,서울 방배 초등학교,방배4동 861-1 (방배초등길 20),,0,0,11650621,방배4동,,서초구
47272,서울우암초등학교,우면동 58,,0,0,11650651,양재1동,,서초구
47273,연희동자치회관,연희동 122-16,,100,0,11410615,연희동,,서대문구
47274,상암초등학교 (체육관,월드컵북로 353(상암동),,120,0,11440740,상암동,,마포구
47275,신용산초등학교,이촌동 301-75,,870,0,11170630,이촌1동,,용산구
47276,금북초교,금호1가 48-2(대현산2길 21),,397,0,11200590,금호1가동,,성동구
47277,영등포동 주민센터,영등포동2가 222-2,,20,0,11560535,영등포동,,영등포구
47278,용산교회,원효1가 27-29,,100,0,11170530,남영동,,용산구
47279,서울디자인고교,백범로 139(염리동),,600,0,11440610,염리동,,마포구
47280,합정동주민센터 (강당,동교로8길 58(합정동),,30,0,11440680,합정동,,마포구
47281,숭신초등학교,숭인2동 242 (종로58길 30),,100,0,11110710,숭인2동,,종로구
47282,성서중학교,성산로4길 42 (성산동),,2560,0,11440720,성산1동,,마포구
47283,능안 경로당,등촌2동 517-1,,18,0,11500530,등촌2동,,강서구
47284,인헌초등학교체육관,관악구 낙성대길 23,,500,0,11620585,낙성대동,,관악구
47285,상록보육원,1083-29,,50,0,11620630,남현동,,관악구
47286,서일정보산업고,창신3동 13 (지봉로 17길),,153,0,11110690,창신3동,,종로구
47287,을지교회,,,0,0,11140605,을지로동,,중구
47288,북성초등학교,북아현동 215,,715,0,11410555,북아현동,,서대문구
47289,서울제일교회,성내3동 437-12,,0,0,11440565,공덕동,,마포구
47290,언주초등학교,도곡1동 922 (남부순환로 북6길26),,2110,0,11680655,도곡1동,,강남구
47291,삼각교회,한강1가 305,,20,0,11170625,한강로동,,용산구
47292,용신동 주민센터,용두동 234-40,,0,0,11230536,용신동,,동대문구
47293,성산성결교회,포은로 30(합정동),,100,0,11440680,합정동,,마포구
47294,영은교회,양평동3가 8-2,,500,0,11560610,양평1동,,영등포구
47295,동빙고교회,동빙고 251-3,,30,0,11170690,서빙고동,,용산구
47296,평창동주민센터,평창동 186-9 (세검정로 347),,162,0,11110560,평창동,,종로구
47297,홍제3동주민센터,홍제동 7-13,,30,0,11410640,홍제3동,,서대문구
47298,선민교회(지하1층),성미산로19길 45,,45,0,11440590,용강동,,마포구
47299,당산1동 주민센터,당산동3가 250,,50,0,11560550,당산1동,,영등포구
47300,답십리초등학교,답시리동 276-3,,0,0,11230600,답십리1동,,동대문구
47301,복종 경로당,방화1동 494-3,,29,0,11500630,방화1동,,강서구
47302,성내도서관,성내3동 385,,0,0,11740660,성내3동,,강동구
47303,신도봉중학교,쌍문3동 94-1 (도봉로 115길 16),,3138,0,11320680,쌍문3동,,도봉구
47304,온수초등학교,온수동 산2-8,,0,0,11530790,수궁동,,구로구
47305,신내노인요양원,신내1동 642,,2132,0,11260680,신내1동,,중랑구
47306,가락중학교,송파2동 168,,1400,0,11710590,송파2동,,송파구
47307,서울창원초등학교,창5동 308 (해등로 103),,2062,0,11320515,창5동,,도봉구
47308,원묵초등학교,묵1동 11(숙선옹주로 109),,880,0,11260620,묵1동,,중랑구
47309,금옥중학교,신정3동 729(신정로 100),,270,0,11470640,신정3동,,양천구
47310,주영광교회,번동 461-66 (한천로 1004),,187,0,11710620,가락본동,,송파구
47311,신암초등학교,암사2동 517,,0,0,11740580,암사2동,,강동구
47312,홍파초등학교,제기동 678,,0,0,11230545,제기동,,동대문구
47313,금옥초교,금호4가 1254(독서당로 251),,169,0,11200620,금호4가동,,성동구
47314,동대문중학교,전농동 331,,0,0,11230560,전농1동,,동대문구
47315,청량초등학교,회기동 산 1-1,,0,0,11230710,회기동,,동대문구
47316,성북초등학교,성북동 66-1,,1040,0,11290525,성북동,,성북구
47317,길음초등학교,길음1동 635-7,,1300,0,11290660,길음1동,,성북구
47318,신일중학교,미아동 193-1,,1022,0,11305535,미아동,,강북구
47319,송중초등학교,미아동 94-1(오현로 9),,40,0,11305545,송중동,,강북구
47320,서울잠전초등학교,잠실본동 229,,1400,0,11710650,잠실본동,,송파구
47321,한국예술고,홍익동 150(도선길 18),,247,0,11200535,왕십리도선동,,성동구
47322,한양사범대,사근동 223(사근동길 404),,188,0,11200550,사근동,,성동구
47323,성답교회,용답동 166-1(용답동중앙길 76),,214,0,11200790,용답동,,성동구
47324,청량리동 주민센터,청량리 57-6,,0,0,11230705,청량리동,,동대문구
47325,천주교수유동성당,수유동 233 (삼각산로 165),,746,0,11305620,수유2동,,강북구
47326,서울방학초등학교,방학2동 302 (도당로 9길 34),,2109,0,11320700,방학2동,,도봉구
47327,중동고등학교,일원1동 618 (일원로 7),,800,0,11680730,일원1동,,강남구
47328,영남중학교,대림동 735,,800,0,11560720,대림3동,,영등포구
47329,신내초등학교,신내1동 441(용마산로125 나길22),,1600,0,11260680,신내1동,,중랑구
47330,연희미용고등학교,가리봉동 137-21,,0,0,11530595,가리봉동,,구로구
47331,구로3동 주민센터,구로3동197-17 에이스테크노타워1차 1층 107호,,0,0,11530540,구로3동,,구로구
47332,언북초등학교,청담동 27(삼성로 서26길42),,2474,0,11680565,청담동,,강남구
47333,월곡감리교회,월곡2동 29-139,,40,0,11290725,월곡2동,,성북구
47334,오현초등학교,번동 248 (월계로221),,104,0,11305606,번3동,,강북구
47335,중원초등학교,중계2동 502(노원구 섬밭길 316),,490,0,11350625,중계2.3동,,노원구
47336,계상초등학교,상계5동 447-1(노원구 안산중앙길 15),,1355,0,11350670,상계5동,,노원구
47337,상원초등학교,상계9동 645(노원구 늘푸른3길 59),,1480,0,11350710,상계9동,,노원구
47338,서울개명초등학교,,,0,0,11530760,개봉3동,,구로구
47339,암사3동 주민센터,강동구 암사동 414-2,,0,0,11740590,암사3동,,강동구
47340,대세빌딩,천호3동 155-7,,0,0,11740620,천호3동,,강동구
47341,선화예술학교(중학교),능동 25,,0,0,11215780,능동,,광진구
47342,장위초등학교,장위2동 68-8,,1369,0,11290770,장위2동,,성북구
47343,인수초등학교,수유동 551-19 (인수봉로 269),,2917,0,11305660,인수동,,강북구
47344,한양감리교회,성내2동 203-46,,0,0,11740650,성내2동,,강동구
47345,세곡문화센터,율현동 278-1 (밤고개길 286),,800,0,11680700,세곡동,,강남구
47346,장안2동 주민센터,장안동 286-3,,0,0,11230660,장안2동,,동대문구
47347,번동초등학교,번동 236(오현로 204),,40,0,11305606,번3동,,강북구
47348,도봉 문화고등학교,방학1동 723 (마들로 598),,3702,0,11320690,방학1동,,도봉구
47349,원광종합복지관,신내1동 572-2,,3472,0,11260680,신내1동,,중랑구
47350,거원초등학교,거여2동 296-1,,1950,0,11710532,거여2동,,송파구
47351,양화진경로당,양화진길 43(합정동),,35,0,11440680,합정동,,마포구
47352,당서초등학교,당산동5가 5-3,,1904,0,11560560,당산2동,,영등포구
47353,대동초등학교,대림동 702,,800,0,11560710,대림2동,,영등포구
47354,서강초등학교,독막로 113(상수동),,290,0,11440655,서강동,,마포구
47355,연서경로당,연남로11길 3(연남동),,41,0,11440710,연남동,,마포구
47356,신남성초등학교,사당동 199-1,,810,0,11590651,사당5동,,동작구
47357,원당초등학교,1669-1(봉천로505),,60,0,11620575,행운동,,관악구
47358,구로초등학교,구로동 443,,0,0,11530530,구로2동,,구로구
